{
  "point_multiplication": {
    "basic": {
      "mean": 0.007331509590148926,
      "median": 0.006659507751464844,
      "min": 0.0025072097778320312,
      "max": 0.02277541160583496,
      "std": 0.0028263411238516607
    },
    "optimized": {
      "mean": 0.03213550567626953,
      "median": 0.03156554698944092,
      "min": 0.02623748779296875,
      "max": 0.03983759880065918,
      "std": 0.0023287927253402723
    },
    "speedup": 0.22814358871479906,
    "iterations": 100
  },
  "algorithm_comparison": {
    "basic": {
      "mean": 0.007119021415710449,
      "median": 0.006292819976806641,
      "min": 0.00252532958984375,
      "max": 0.011354446411132812,
      "std": 0.002317688673989833
    },
    "naf": {
      "mean": 0.03355343341827392,
      "median": 0.03335428237915039,
      "min": 0.02809596061706543,
      "max": 0.03786110877990723,
      "std": 0.0024152033675462117
    },
    "sliding_window": {
      "mean": 0.018094120025634767,
      "median": 0.017540574073791504,
      "min": 0.014169931411743164,
      "max": 0.024903297424316406,
      "std": 0.00248371844807647
    },
    "montgomery": {
      "mean": 0.01430598258972168,
      "median": 0.015348315238952637,
      "min": 0.007575035095214844,
      "max": 0.03859233856201172,
      "std": 0.004335850465346549
    },
    "optimized_auto": {
      "mean": 0.0008283758163452149,
      "median": 0.0,
      "min": 0.0,
      "max": 0.0054395198822021484,
      "std": 0.0018507479979420441
    }
  },
  "key_generation": {
    "basic": {
      "mean": 0.007291712760925293,
      "median": 0.005991220474243164,
      "min": 0.004006862640380859,
      "max": 0.01145029067993164,
      "std": 0.002503253313472194
    },
    "optimized": {
      "mean": 0.03175468921661377,
      "median": 0.03130137920379639,
      "min": 0.028078079223632812,
      "max": 0.03824591636657715,
      "std": 0.0019665315960983136
    },
    "speedup": 0.22962633049831058,
    "iterations": 50
  },
  "encryption_decryption": {
    "encryption": {
      "basic": {
        "mean": 0.014922165870666504,
        "median": 0.015279412269592285,
        "min": 0.010022163391113281,
        "max": 0.02415323257446289,
        "std": 0.00299646364132518
      },
      "optimized": {
        "mean": 0.0654561161994934,
        "median": 0.06523168087005615,
        "min": 0.060480356216430664,
        "max": 0.06934618949890137,
        "std": 0.002332091187672737
      },
      "speedup": 0.22797206337735623
    },
    "decryption": {
      "basic": {
        "mean": 0.019766175746917726,
        "median": 0.020411968231201172,
        "min": 0.015517711639404297,
        "max": 0.022206783294677734,
        "std": 0.0018571759926864519
      },
      "optimized": {
        "mean": 0.03485555648803711,
        "median": 0.035175323486328125,
        "min": 0.030953168869018555,
        "max": 0.038405418395996094,
        "std": 0.0024689409739160344
      },
      "speedup": 0.5670882274882555
    },
    "iterations": 20
  },
  "signing_verification": {
    "signing": {
      "basic": {
        "mean": 0.006867847442626953,
        "median": 0.006211280822753906,
        "min": 0.003482818603515625,
        "max": 0.011243104934692383,
        "std": 0.002301581239869543
      },
      "optimized": {
        "mean": 0.03167670249938965,
        "median": 0.03112161159515381,
        "min": 0.02740955352783203,
        "max": 0.03704094886779785,
        "std": 0.0020592280378138286
      },
      "speedup": 0.21681068105997725
    },
    "verification": {
      "basic": {
        "mean": 0.01513432502746582,
        "median": 0.01551830768585205,
        "min": 0.010349035263061523,
        "max": 0.023102521896362305,
        "std": 0.002354810151037088
      },
      "optimized": {
        "mean": 0.04533315658569336,
        "median": 0.0457301139831543,
        "min": 0.040660858154296875,
        "max": 0.04907345771789551,
        "std": 0.002236647833717407
      },
      "speedup": 0.3338467066341911
    },
    "iterations": 50
  },
  "simultaneous_multiplication": {
    "separate": {
      "mean": 0.06678098201751709,
      "median": 0.0674203634262085,
      "min": 0.06122589111328125,
      "max": 0.07280111312866211,
      "std": 0.0025333885781596193
    },
    "simultaneous": {
      "mean": 0.045987424850463865,
      "median": 0.046169400215148926,
      "min": 0.041655778884887695,
      "max": 0.051820993423461914,
      "std": 0.0023829677514187585
    },
    "speedup": 1.4521574590155266,
    "iterations": 50
  }
}