{
  "point_multiplication": {
    "basic": {
      "mean": 0.0071786618232727055,
      "median": 0.007036566734313965,
      "min": 0.0020041465759277344,
      "max": 0.019222497940063477,
      "std": 0.0021578475372061976
    },
    "optimized": {
      "mean": 0.031237404346466064,
      "median": 0.030850648880004883,
      "min": 0.026205778121948242,
      "max": 0.03638458251953125,
      "std": 0.0018506965918180314
    },
    "speedup": 0.22980980569484605,
    "iterations": 100
  },
  "algorithm_comparison": {
    "basic": {
      "mean": 0.007453932762145996,
      "median": 0.007054448127746582,
      "min": 0.0040056705474853516,
      "max": 0.013445854187011719,
      "std": 0.002184617315573536
    },
    "naf": {
      "mean": 0.0327128267288208,
      "median": 0.03177058696746826,
      "min": 0.027367115020751953,
      "max": 0.037589311599731445,
      "std": 0.002326734590497687
    },
    "sliding_window": {
      "mean": 0.017059025764465333,
      "median": 0.015538334846496582,
      "min": 0.010460376739501953,
      "max": 0.024656295776367188,
      "std": 0.0030804138980269446
    },
    "montgomery": {
      "mean": 0.013678574562072754,
      "median": 0.013252615928649902,
      "min": 0.0070209503173828125,
      "max": 0.03899359703063965,
      "std": 0.0046217478036403
    },
    "optimized_auto": {
      "mean": 0.000804448127746582,
      "median": 0.0,
      "min": 0.0,
      "max": 0.005786895751953125,
      "std": 0.0017720537479866758
    }
  },
  "key_generation": {
    "basic": {
      "mean": 0.007169890403747559,
      "median": 0.0065125226974487305,
      "min": 0.0025069713592529297,
      "max": 0.012350082397460938,
      "std": 0.0025657297038610446
    },
    "optimized": {
      "mean": 0.030789961814880373,
      "median": 0.030759334564208984,
      "min": 0.02561640739440918,
      "max": 0.03537249565124512,
      "std": 0.0019539565309995037
    },
    "speedup": 0.2328645435436184,
    "iterations": 50
  },
  "encryption_decryption": {
    "encryption": {
      "basic": {
        "mean": 0.014020907878875732,
        "median": 0.015114903450012207,
        "min": 0.010037899017333984,
        "max": 0.026178359985351562,
        "std": 0.003867023833855193
      },
      "optimized": {
        "mean": 0.06349482536315917,
        "median": 0.06341075897216797,
        "min": 0.06037759780883789,
        "max": 0.07011294364929199,
        "std": 0.002817589576496822
      },
      "speedup": 0.22081969355271133
    },
    "decryption": {
      "basic": {
        "mean": 0.01848076581954956,
        "median": 0.02015554904937744,
        "min": 0.014526844024658203,
        "max": 0.022131681442260742,
        "std": 0.0025431944034242527
      },
      "optimized": {
        "mean": 0.03454211950302124,
        "median": 0.03521418571472168,
        "min": 0.030879974365234375,
        "max": 0.037088871002197266,
        "std": 0.0017741853084338223
      },
      "speedup": 0.5350211882028008
    },
    "iterations": 20
  },
  "signing_verification": {
    "signing": {
      "basic": {
        "mean": 0.00627631664276123,
        "median": 0.005219936370849609,
        "min": 0.0030090808868408203,
        "max": 0.011144399642944336,
        "std": 0.0021533550124558823
      },
      "optimized": {
        "mean": 0.03068498134613037,
        "median": 0.030539631843566895,
        "min": 0.02548503875732422,
        "max": 0.0362703800201416,
        "std": 0.002122860704875923
      },
      "speedup": 0.2045403440844107
    },
    "verification": {
      "basic": {
        "mean": 0.014942574501037597,
        "median": 0.015252113342285156,
        "min": 0.008525848388671875,
        "max": 0.023351669311523438,
        "std": 0.002468819756203226
      },
      "optimized": {
        "mean": 0.04358565807342529,
        "median": 0.0442347526550293,
        "min": 0.03688192367553711,
        "max": 0.048230886459350586,
        "std": 0.00271583109959953
      },
      "speedup": 0.34283237104886727
    },
    "iterations": 50
  },
  "simultaneous_multiplication": {
    "separate": {
      "mean": 0.06506984233856201,
      "median": 0.06522107124328613,
      "min": 0.06063365936279297,
      "max": 0.06961226463317871,
      "std": 0.002300549422086156
    },
    "simultaneous": {
      "mean": 0.04460878849029541,
      "median": 0.04563295841217041,
      "min": 0.04046750068664551,
      "max": 0.0476837158203125,
      "std": 0.0020665700662909187
    },
    "speedup": 1.4586776404545907,
    "iterations": 50
  }
}